--
-- PostgreSQL database dump
--

-- Dumped from database version 12.9 (Ubuntu 12.9-2.pgdg20.04+1)
-- Dumped by pg_dump version 12.9 (Ubuntu 12.9-2.pgdg20.04+1)

SET statement_timeout = 0;
SET lock_timeout = 0;
SET idle_in_transaction_session_timeout = 0;
SET client_encoding = 'UTF8';
SET standard_conforming_strings = on;
SELECT pg_catalog.set_config('search_path', '', false);
SET check_function_bodies = false;
SET xmloption = content;
SET client_min_messages = warning;
SET row_security = off;

DROP DATABASE universe;
--
-- Name: universe; Type: DATABASE; Schema: -; Owner: freecodecamp
--

CREATE DATABASE universe WITH TEMPLATE = template0 ENCODING = 'UTF8' LC_COLLATE = 'C.UTF-8' LC_CTYPE = 'C.UTF-8';


ALTER DATABASE universe OWNER TO freecodecamp;

\connect universe

SET statement_timeout = 0;
SET lock_timeout = 0;
SET idle_in_transaction_session_timeout = 0;
SET client_encoding = 'UTF8';
SET standard_conforming_strings = on;
SELECT pg_catalog.set_config('search_path', '', false);
SET check_function_bodies = false;
SET xmloption = content;
SET client_min_messages = warning;
SET row_security = off;

SET default_tablespace = '';

SET default_table_access_method = heap;

--
-- Name: cluster; Type: TABLE; Schema: public; Owner: freecodecamp
--

CREATE TABLE public.cluster (
    cluster_id integer NOT NULL,
    name character varying(30) NOT NULL,
    color character varying(20)
);


ALTER TABLE public.cluster OWNER TO freecodecamp;

--
-- Name: cluster_cluster_id_seq; Type: SEQUENCE; Schema: public; Owner: freecodecamp
--

CREATE SEQUENCE public.cluster_cluster_id_seq
    AS integer
    START WITH 1
    INCREMENT BY 1
    NO MINVALUE
    NO MAXVALUE
    CACHE 1;


ALTER TABLE public.cluster_cluster_id_seq OWNER TO freecodecamp;

--
-- Name: cluster_cluster_id_seq; Type: SEQUENCE OWNED BY; Schema: public; Owner: freecodecamp
--

ALTER SEQUENCE public.cluster_cluster_id_seq OWNED BY public.cluster.cluster_id;


--
-- Name: galaxy; Type: TABLE; Schema: public; Owner: freecodecamp
--

CREATE TABLE public.galaxy (
    galaxy_id integer NOT NULL,
    name character varying(30) NOT NULL,
    description text,
    has_life boolean,
    residents integer
);


ALTER TABLE public.galaxy OWNER TO freecodecamp;

--
-- Name: galaxy_id_seq; Type: SEQUENCE; Schema: public; Owner: freecodecamp
--

CREATE SEQUENCE public.galaxy_id_seq
    AS integer
    START WITH 1
    INCREMENT BY 1
    NO MINVALUE
    NO MAXVALUE
    CACHE 1;


ALTER TABLE public.galaxy_id_seq OWNER TO freecodecamp;

--
-- Name: galaxy_id_seq; Type: SEQUENCE OWNED BY; Schema: public; Owner: freecodecamp
--

ALTER SEQUENCE public.galaxy_id_seq OWNED BY public.galaxy.galaxy_id;


--
-- Name: moon; Type: TABLE; Schema: public; Owner: freecodecamp
--

CREATE TABLE public.moon (
    moon_id integer NOT NULL,
    name character varying(30) NOT NULL,
    distance_to_planet numeric(6,1),
    planet_id integer,
    has_life boolean
);


ALTER TABLE public.moon OWNER TO freecodecamp;

--
-- Name: moon_id_seq; Type: SEQUENCE; Schema: public; Owner: freecodecamp
--

CREATE SEQUENCE public.moon_id_seq
    AS integer
    START WITH 1
    INCREMENT BY 1
    NO MINVALUE
    NO MAXVALUE
    CACHE 1;


ALTER TABLE public.moon_id_seq OWNER TO freecodecamp;

--
-- Name: moon_id_seq; Type: SEQUENCE OWNED BY; Schema: public; Owner: freecodecamp
--

ALTER SEQUENCE public.moon_id_seq OWNED BY public.moon.moon_id;


--
-- Name: planet; Type: TABLE; Schema: public; Owner: freecodecamp
--

CREATE TABLE public.planet (
    planet_id integer NOT NULL,
    name character varying(30) NOT NULL,
    residents integer,
    has_life boolean,
    star_id integer
);


ALTER TABLE public.planet OWNER TO freecodecamp;

--
-- Name: planet_id_seq; Type: SEQUENCE; Schema: public; Owner: freecodecamp
--

CREATE SEQUENCE public.planet_id_seq
    AS integer
    START WITH 1
    INCREMENT BY 1
    NO MINVALUE
    NO MAXVALUE
    CACHE 1;


ALTER TABLE public.planet_id_seq OWNER TO freecodecamp;

--
-- Name: planet_id_seq; Type: SEQUENCE OWNED BY; Schema: public; Owner: freecodecamp
--

ALTER SEQUENCE public.planet_id_seq OWNED BY public.planet.planet_id;


--
-- Name: star; Type: TABLE; Schema: public; Owner: freecodecamp
--

CREATE TABLE public.star (
    star_id integer NOT NULL,
    name character varying(30) NOT NULL,
    number_of_planets integer,
    is_binary_star boolean,
    galaxy_id integer
);


ALTER TABLE public.star OWNER TO freecodecamp;

--
-- Name: star_id_seq; Type: SEQUENCE; Schema: public; Owner: freecodecamp
--

CREATE SEQUENCE public.star_id_seq
    AS integer
    START WITH 1
    INCREMENT BY 1
    NO MINVALUE
    NO MAXVALUE
    CACHE 1;


ALTER TABLE public.star_id_seq OWNER TO freecodecamp;

--
-- Name: star_id_seq; Type: SEQUENCE OWNED BY; Schema: public; Owner: freecodecamp
--

ALTER SEQUENCE public.star_id_seq OWNED BY public.star.star_id;


--
-- Name: cluster cluster_id; Type: DEFAULT; Schema: public; Owner: freecodecamp
--

ALTER TABLE ONLY public.cluster ALTER COLUMN cluster_id SET DEFAULT nextval('public.cluster_cluster_id_seq'::regclass);


--
-- Name: galaxy galaxy_id; Type: DEFAULT; Schema: public; Owner: freecodecamp
--

ALTER TABLE ONLY public.galaxy ALTER COLUMN galaxy_id SET DEFAULT nextval('public.galaxy_id_seq'::regclass);


--
-- Name: moon moon_id; Type: DEFAULT; Schema: public; Owner: freecodecamp
--

ALTER TABLE ONLY public.moon ALTER COLUMN moon_id SET DEFAULT nextval('public.moon_id_seq'::regclass);


--
-- Name: planet planet_id; Type: DEFAULT; Schema: public; Owner: freecodecamp
--

ALTER TABLE ONLY public.planet ALTER COLUMN planet_id SET DEFAULT nextval('public.planet_id_seq'::regclass);


--
-- Name: star star_id; Type: DEFAULT; Schema: public; Owner: freecodecamp
--

ALTER TABLE ONLY public.star ALTER COLUMN star_id SET DEFAULT nextval('public.star_id_seq'::regclass);


--
-- Data for Name: cluster; Type: TABLE DATA; Schema: public; Owner: freecodecamp
--

INSERT INTO public.cluster VALUES (1, 'virgo cluster', NULL);
INSERT INTO public.cluster VALUES (2, 'norma cluster', NULL);
INSERT INTO public.cluster VALUES (3, 'bullet cluster', NULL);


--
-- Data for Name: galaxy; Type: TABLE DATA; Schema: public; Owner: freecodecamp
--

INSERT INTO public.galaxy VALUES (1, 'andromeda', 'beautiful', NULL, NULL);
INSERT INTO public.galaxy VALUES (2, 'milkyway', 'tasty with chocolate', NULL, NULL);
INSERT INTO public.galaxy VALUES (3, 'antennae galaxy', 'looks like insects antennae', NULL, NULL);
INSERT INTO public.galaxy VALUES (4, 'backward galaxy', 'rotates backwards', NULL, NULL);
INSERT INTO public.galaxy VALUES (5, 'black eye galaxy', 'looks like a black eye', NULL, NULL);
INSERT INTO public.galaxy VALUES (6, 'butterfly galaxies', 'actually two galaxies that together look like a galaxy', NULL, NULL);


--
-- Data for Name: moon; Type: TABLE DATA; Schema: public; Owner: freecodecamp
--

INSERT INTO public.moon VALUES (1, 'mimas', NULL, 6, NULL);
INSERT INTO public.moon VALUES (2, 'enceladus', NULL, 6, NULL);
INSERT INTO public.moon VALUES (3, 'tethys', NULL, 6, NULL);
INSERT INTO public.moon VALUES (4, 'dione', NULL, 6, NULL);
INSERT INTO public.moon VALUES (5, 'rhea', NULL, 6, NULL);
INSERT INTO public.moon VALUES (6, 'titan', NULL, 6, NULL);
INSERT INTO public.moon VALUES (7, 'hyperion', NULL, 6, NULL);
INSERT INTO public.moon VALUES (8, 'iapetus', NULL, 6, NULL);
INSERT INTO public.moon VALUES (9, 'phoebe', NULL, 6, NULL);
INSERT INTO public.moon VALUES (10, 'janus', NULL, 6, NULL);
INSERT INTO public.moon VALUES (11, 'helene', NULL, 6, NULL);
INSERT INTO public.moon VALUES (12, 'telesto', NULL, 6, NULL);
INSERT INTO public.moon VALUES (13, 'calypso', NULL, 6, NULL);
INSERT INTO public.moon VALUES (14, 'atlas', NULL, 6, NULL);
INSERT INTO public.moon VALUES (15, 'prometheus', NULL, 6, NULL);
INSERT INTO public.moon VALUES (16, 'panndora', NULL, 6, NULL);
INSERT INTO public.moon VALUES (17, 'pan', NULL, 6, NULL);
INSERT INTO public.moon VALUES (18, 'ymir', NULL, 6, NULL);
INSERT INTO public.moon VALUES (19, 'skathi', NULL, 6, NULL);
INSERT INTO public.moon VALUES (20, 'nharvi', NULL, 6, NULL);


--
-- Data for Name: planet; Type: TABLE DATA; Schema: public; Owner: freecodecamp
--

INSERT INTO public.planet VALUES (1, 'mercury', 0, false, 4);
INSERT INTO public.planet VALUES (2, 'venus', 0, false, 4);
INSERT INTO public.planet VALUES (3, 'earth', 70000, true, 4);
INSERT INTO public.planet VALUES (4, 'mars', 0, false, 4);
INSERT INTO public.planet VALUES (5, 'jupiter', 0, false, 4);
INSERT INTO public.planet VALUES (6, 'saturn', 0, false, 4);
INSERT INTO public.planet VALUES (7, 'uranus', 0, false, 4);
INSERT INTO public.planet VALUES (8, 'neptun', 0, false, 4);
INSERT INTO public.planet VALUES (9, 'pola1', 0, false, 1);
INSERT INTO public.planet VALUES (10, 'pola2', 0, false, 1);
INSERT INTO public.planet VALUES (11, 'pola3', 0, false, 1);
INSERT INTO public.planet VALUES (12, 'pola4', 0, false, 1);


--
-- Data for Name: star; Type: TABLE DATA; Schema: public; Owner: freecodecamp
--

INSERT INTO public.star VALUES (1, 'polaris', NULL, false, 1);
INSERT INTO public.star VALUES (2, 'sirius', NULL, false, 1);
INSERT INTO public.star VALUES (3, 'betelgeuse', NULL, false, 1);
INSERT INTO public.star VALUES (4, 'sun', 8, false, 1);
INSERT INTO public.star VALUES (5, 'rigel', NULL, true, 1);
INSERT INTO public.star VALUES (6, 'vega', NULL, false, 1);


--
-- Name: cluster_cluster_id_seq; Type: SEQUENCE SET; Schema: public; Owner: freecodecamp
--

SELECT pg_catalog.setval('public.cluster_cluster_id_seq', 3, true);


--
-- Name: galaxy_id_seq; Type: SEQUENCE SET; Schema: public; Owner: freecodecamp
--

SELECT pg_catalog.setval('public.galaxy_id_seq', 6, true);


--
-- Name: moon_id_seq; Type: SEQUENCE SET; Schema: public; Owner: freecodecamp
--

SELECT pg_catalog.setval('public.moon_id_seq', 20, true);


--
-- Name: planet_id_seq; Type: SEQUENCE SET; Schema: public; Owner: freecodecamp
--

SELECT pg_catalog.setval('public.planet_id_seq', 12, true);


--
-- Name: star_id_seq; Type: SEQUENCE SET; Schema: public; Owner: freecodecamp
--

SELECT pg_catalog.setval('public.star_id_seq', 6, true);


--
-- Name: cluster cluster_cluster_id_key; Type: CONSTRAINT; Schema: public; Owner: freecodecamp
--

ALTER TABLE ONLY public.cluster
    ADD CONSTRAINT cluster_cluster_id_key UNIQUE (cluster_id);


--
-- Name: cluster cluster_name_key; Type: CONSTRAINT; Schema: public; Owner: freecodecamp
--

ALTER TABLE ONLY public.cluster
    ADD CONSTRAINT cluster_name_key UNIQUE (name);


--
-- Name: cluster cluster_pkey; Type: CONSTRAINT; Schema: public; Owner: freecodecamp
--

ALTER TABLE ONLY public.cluster
    ADD CONSTRAINT cluster_pkey PRIMARY KEY (cluster_id);


--
-- Name: galaxy galaxy_id_key; Type: CONSTRAINT; Schema: public; Owner: freecodecamp
--

ALTER TABLE ONLY public.galaxy
    ADD CONSTRAINT galaxy_id_key UNIQUE (galaxy_id);


--
-- Name: galaxy galaxy_pkey; Type: CONSTRAINT; Schema: public; Owner: freecodecamp
--

ALTER TABLE ONLY public.galaxy
    ADD CONSTRAINT galaxy_pkey PRIMARY KEY (galaxy_id);


--
-- Name: moon moon_id_key; Type: CONSTRAINT; Schema: public; Owner: freecodecamp
--

ALTER TABLE ONLY public.moon
    ADD CONSTRAINT moon_id_key UNIQUE (moon_id);


--
-- Name: moon moon_pkey; Type: CONSTRAINT; Schema: public; Owner: freecodecamp
--

ALTER TABLE ONLY public.moon
    ADD CONSTRAINT moon_pkey PRIMARY KEY (moon_id);


--
-- Name: planet planet_id_key; Type: CONSTRAINT; Schema: public; Owner: freecodecamp
--

ALTER TABLE ONLY public.planet
    ADD CONSTRAINT planet_id_key UNIQUE (planet_id);


--
-- Name: planet planet_pkey; Type: CONSTRAINT; Schema: public; Owner: freecodecamp
--

ALTER TABLE ONLY public.planet
    ADD CONSTRAINT planet_pkey PRIMARY KEY (planet_id);


--
-- Name: star star_id_key; Type: CONSTRAINT; Schema: public; Owner: freecodecamp
--

ALTER TABLE ONLY public.star
    ADD CONSTRAINT star_id_key UNIQUE (star_id);


--
-- Name: star star_pkey; Type: CONSTRAINT; Schema: public; Owner: freecodecamp
--

ALTER TABLE ONLY public.star
    ADD CONSTRAINT star_pkey PRIMARY KEY (star_id);


--
-- Name: moon moon_planet_id_fkey; Type: FK CONSTRAINT; Schema: public; Owner: freecodecamp
--

ALTER TABLE ONLY public.moon
    ADD CONSTRAINT moon_planet_id_fkey FOREIGN KEY (planet_id) REFERENCES public.planet(planet_id);


--
-- Name: planet planet_star_id_fkey; Type: FK CONSTRAINT; Schema: public; Owner: freecodecamp
--

ALTER TABLE ONLY public.planet
    ADD CONSTRAINT planet_star_id_fkey FOREIGN KEY (star_id) REFERENCES public.star(star_id);


--
-- Name: star star_galaxy_id_fkey; Type: FK CONSTRAINT; Schema: public; Owner: freecodecamp
--

ALTER TABLE ONLY public.star
    ADD CONSTRAINT star_galaxy_id_fkey FOREIGN KEY (galaxy_id) REFERENCES public.galaxy(galaxy_id);


--
-- PostgreSQL database dump complete
--

